Street_One,Street_Two
MISSION ST,ITALY AVE
MISSION ST,NEW MONTGOMERY ST
MISSION ST,01ST ST
MISSION ST,20TH ST
MISSION ST,FREMONT ST
MISSION ST,13TH ST
MISSION ST,ERIE ST
MISSION ST,BEALE ST
MISSION ST,FAIR AVE
MISSION ST,SAINT MARYS AVE
MISSION ST,SENECA AVE
MISSION ST,ANTHONY ST
MISSION ST,JESSIE EAST ST
MISSION ST,SILVER AVE
MISSION ST,MOUNT VERNON AVE
MISSION ST,30TH ST
MISSION ST,MAIN ST
MISSION ST,TRUMBULL ST
MISSION ST,15TH ST
MISSION ST,KINGSTON ST
MISSION ST,TINGLEY ST
MISSION ST,THERESA ST
MISSION ST,PARK ST
MISSION ST,OLIVER ST
MISSION ST,STEUART ST
MISSION ST,HURON AVE
MISSION ST,SYCAMORE ST
MISSION ST,02ND ST
MISSION ST,MINT ST
MISSION ST,GENEVA AVE
MISSION ST,CORTLAND AVE
MISSION ST,22ND ST
MISSION ST,06TH ST
MISSION ST,PRECITA AVE
MISSION ST,17TH ST
MISSION ST,CASTLE MANOR AVE
MISSION ST,ALLISON ST
MISSION ST,26TH ST
MISSION ST,VIRGINIA AVE
MISSION ST,COTTER ST
MISSION ST,WHIPPLE AVE
MISSION ST,08TH ST
MISSION ST,PLUM ST
MISSION ST,THE EMBARCADERO
MISSION ST,19TH ST
MISSION ST,APPLETON AVE
MISSION ST,OCEAN AVE
MISSION ST,GODEUS ST
MISSION ST,POPE ST
MISSION ST,FARRAGUT AVE
MISSION ST,11TH ST
MISSION ST,EUGENIA AVE
MISSION ST,04TH ST
MISSION ST,FRANCE AVE
MISSION ST,LASKIE ST
MISSION ST,29TH ST
MISSION ST,RUSSIA AVE
MISSION ST,ONONDAGA AVE
MISSION ST,ANNIE ST
MISSION ST,21ST ST
MISSION ST,CLARION ALY
MISSION ST,NAGLEE AVE
MISSION ST,ADMIRAL AVE
MISSION ST,RICHLAND AVE
MISSION ST,LOWELL ST
MISSION ST,SAN JUAN AVE
MISSION ST,14TH ST
MISSION ST,CONCORD ST
MISSION ST,HIGHLAND AVE
MISSION ST,10TH ST
MISSION ST,LAWRENCE AVE
MISSION ST,AMAZON AVE
MISSION ST,ECKER ST
MISSION ST,SHAW ALY
MISSION ST,AVALON AVE
MISSION ST,FRANCIS ST
MISSION ST,LAFAYETTE ST
MISSION ST,JESSIE WEST ST
MISSION ST,COLLEGE AVE
MISSION ST,03RD ST
MISSION ST,HARRINGTON ST
MISSION ST,COLLEGE TER
MISSION ST,VALENCIA ST
MISSION ST,NEY ST
MISSION ST,12TH ST
MISSION ST,25TH ST
MISSION ST,MARY ST
MISSION ST,SPEAR ST
MISSION ST,ROLPH ST
MISSION ST,07TH ST
MISSION ST,NORTON ST
MISSION ST,RUTH ST
MISSION ST,BRAZIL AVE
MISSION ST,GUTTENBERG ST
MISSION ST,23RD ST
MISSION ST,RANDALL ST
MISSION ST,PERSIA AVE
MISSION ST,16TH ST
MISSION ST,YERBA BUENA LN
MISSION ST,LAURA ST
MISSION ST,18TH ST
MISSION ST,LEO ST
MISSION ST,POWERS AVE
MISSION ST,SANTA ROSA AVE
MISSION ST,FLORENTINE AVE
MISSION ST,FOOTE AVE
MISSION ST,BOSWORTH ST
MISSION ST,EXCELSIOR AVE
MISSION ST,WASHBURN ST
MISSION ST,MORSE ST
MISSION ST,ANGELOS ALY
MISSION ST,BROOK ST
MISSION ST,09TH ST
MISSION ST,OTTAWA AVE
MISSION ST,NIAGARA AVE
MISSION ST,ACTON ST
MISSION ST,05TH ST
MISSION ST,24TH ST
MISSION ST,GRACE ST
